message_id,user_id,username,repost_id,reply_id,message,timestamp,urls
1,4,user_4,,,mango reindeer apple,1606451170.518101,['http://example.com/2']
2,1,user_1,1,,camel,1606451170.518142,"['http://example.com/4', 'http://example.com/6']"
3,8,user_8,2,,mango notebook pear,1606451170.518176,"['http://example.com/4', 'http://example.com/1']"
4,4,user_4,1,,pear wombat,1606451170.518235,"['http://example.com/5', 'http://example.com/1']"
5,5,user_5,,,mango camel notebook cat,1606451170.518286,[]
6,2,user_2,,,mango,1606451170.518333,"['http://example.com/9', 'http://example.com/2']"
7,4,user_4,,,camel cat graph pencil,1606451170.518366,[]
8,2,user_2,,,wombat camel apple,1606451170.518387,['http://example.com/2']
9,1,user_1,,,squirrel pineapple reindeer,1606451170.518409,"['http://example.com/6', 'http://example.com/7']"
10,1,user_1,2,,notebook cat dog,1606451170.518434,[]
11,5,user_5,1,,reindeer squirrel pen pencil,1606451170.5185,['http://example.com/5']
12,4,user_4,,10,notebook apple reindeer pineapple,1606451170.518606,['http://example.com/6']
13,7,user_7,7,,mango wombat,1606451170.518651,[]
14,4,user_4,5,,wombat banana,1606451170.518714,['http://example.com/7']
15,8,user_8,,,camel banana,1606451170.518769,['http://example.com/5']
16,0,user_0,,,wombat dog pencil,1606451170.518794,"['http://example.com/8', 'http://example.com/4']"
17,3,user_3,6,,banana cat dog pineapple,1606451170.518819,"['http://example.com/4', 'http://example.com/3']"
18,3,user_3,,,pen reindeer,1606451170.518842,[]
19,7,user_7,,,cat,1606451170.518861,[]
20,9,user_9,,,squirrel graph,1606451170.518879,[]
21,9,user_9,,,dog apple,1606451170.518898,[]
22,4,user_4,,,banana apple,1606451170.518916,[]
23,6,user_6,14,,reindeer mango pen,1606451170.518936,"['http://example.com/6', 'http://example.com/5']"
24,7,user_7,,,pear,1606451170.518958,[]
25,9,user_9,9,,pencil,1606451170.518976,"['http://example.com/0', 'http://example.com/4']"
26,8,user_8,,,mango notebook,1606451170.518998,[]
27,0,user_0,,,notebook cat,1606451170.519017,"['http://example.com/4', 'http://example.com/3']"
28,8,user_8,9,,camel,1606451170.519038,['http://example.com/2']
29,7,user_7,,10,dog pear mango,1606451170.519059,"['http://example.com/5', 'http://example.com/2']"
30,3,user_3,,,pencil dog camel squirrel,1606451170.519219,"['http://example.com/5', 'http://example.com/8']"
31,2,user_2,,,dog mango,1606451170.519244,['http://example.com/1']
32,8,user_8,,,mango notebook pear squirrel,1606451170.519266,['http://example.com/0']
33,8,user_8,,30,pineapple pear,1606451170.519288,[]
34,7,user_7,,,graph banana pineapple,1606451170.519308,"['http://example.com/6', 'http://example.com/4']"
35,2,user_2,,,pineapple graph notebook,1606451170.51933,"['http://example.com/8', 'http://example.com/6']"
36,1,user_1,,30,pen dog graph,1606451170.519353,[]
37,1,user_1,,,reindeer apple pineapple graph,1606451170.519374,[]
38,2,user_2,,,notebook apple,1606451170.519393,[]
39,8,user_8,,,reindeer graph pineapple apple,1606451170.519413,"['http://example.com/7', 'http://example.com/4']"
40,9,user_9,,,pencil graph,1606451170.519435,[]
41,7,user_7,,13,banana graph pen,1606451170.519455,[]
42,8,user_8,,,graph dog mango notebook,1606451170.519475,[]
43,6,user_6,,,dog squirrel,1606451170.519493,['http://example.com/7']
44,8,user_8,,24,pear banana mango apple,1606451170.519516,[]
45,0,user_0,,,pineapple squirrel reindeer,1606451170.519535,['http://example.com/2']
46,2,user_2,,10,dog,1606451170.519556,[]
47,0,user_0,,15,pencil,1606451170.519575,"['http://example.com/3', 'http://example.com/2']"
48,4,user_4,,,mango cat graph reindeer,1606451170.519599,[]
49,5,user_5,12,,pear,1606451170.519619,[]
50,8,user_8,,49,apple dog,1606451170.519638,"['http://example.com/8', 'http://example.com/9']"
51,1,user_1,,,notebook apple,1606451170.51966,"['http://example.com/5', 'http://example.com/1']"
52,1,user_1,,,apple wombat pencil banana,1606451170.519684,"['http://example.com/0', 'http://example.com/5']"
53,1,user_1,,,pen mango,1606451170.519706,['http://example.com/4']
54,3,user_3,,,camel reindeer apple wombat,1606451170.519727,[]
55,9,user_9,6,,cat notebook,1606451170.519746,"['http://example.com/0', 'http://example.com/7']"
56,0,user_0,42,,pear pencil graph mango,1606451170.519769,[]
57,9,user_9,,,wombat,1606451170.519788,[]
58,5,user_5,,,reindeer notebook banana dog,1606451170.519808,"['http://example.com/2', 'http://example.com/4']"
59,9,user_9,,,reindeer pen pineapple,1606451170.519832,"['http://example.com/4', 'http://example.com/3']"
60,5,user_5,,,pineapple notebook graph pear,1606451170.519857,['http://example.com/3']
61,2,user_2,,,pencil camel apple reindeer,1606451170.519881,[]
62,8,user_8,20,,pen,1606451170.5199,['http://example.com/0']
63,1,user_1,,13,dog apple,1606451170.519921,['http://example.com/0']
64,8,user_8,,,camel pencil banana notebook,1606451170.519943,"['http://example.com/6', 'http://example.com/2']"
65,2,user_2,,,pencil pineapple camel,1606451170.519966,[]
66,8,user_8,12,,graph squirrel wombat,1606451170.519987,[]
67,0,user_0,58,,notebook reindeer banana apple,1606451170.520009,['http://example.com/2']
68,7,user_7,,,mango pineapple,1606451170.520033,['http://example.com/3']
69,6,user_6,44,,wombat,1606451170.520055,[]
70,7,user_7,,,reindeer,1606451170.520075,[]
71,0,user_0,,46,banana,1606451170.520094,['http://example.com/3']
72,7,user_7,,,apple camel graph pineapple,1606451170.520116,['http://example.com/3']
73,4,user_4,7,,apple cat banana camel,1606451170.52014,['http://example.com/8']
74,8,user_8,,,notebook reindeer pencil pear,1606451170.520163,['http://example.com/0']
75,6,user_6,52,,graph,1606451170.520183,"['http://example.com/5', 'http://example.com/3']"
76,5,user_5,73,,camel apple graph,1606451170.520207,[]
77,0,user_0,15,,banana,1606451170.520227,[]
78,7,user_7,,,camel notebook squirrel reindeer,1606451170.520247,"['http://example.com/2', 'http://example.com/5']"
79,0,user_0,,50,apple notebook,1606451170.52027,[]
80,3,user_3,,,banana graph,1606451170.52029,[]
81,3,user_3,36,,graph pencil pineapple,1606451170.520309,[]
82,7,user_7,17,,wombat cat banana,1606451170.52033,[]
83,6,user_6,,,pear pineapple,1606451170.520349,"['http://example.com/0', 'http://example.com/3']"
84,8,user_8,9,,notebook wombat reindeer mango,1606451170.520373,['http://example.com/3']
85,0,user_0,,,pen apple graph pear,1606451170.520396,"['http://example.com/0', 'http://example.com/6']"
86,8,user_8,,,wombat apple,1606451170.520419,"['http://example.com/6', 'http://example.com/5']"
87,8,user_8,,,dog,1606451170.520442,['http://example.com/7']
88,0,user_0,,,notebook squirrel,1606451170.520464,['http://example.com/5']
89,4,user_4,,,banana pineapple,1606451170.520487,"['http://example.com/4', 'http://example.com/0']"
90,8,user_8,,42,cat dog,1606451170.520512,[]
91,7,user_7,,,squirrel,1606451170.520533,['http://example.com/6']
92,9,user_9,25,,dog pen graph,1606451170.520558,[]
93,7,user_7,,28,mango pencil dog,1606451170.52058,['http://example.com/4']
94,7,user_7,,,pear mango wombat,1606451170.520603,"['http://example.com/2', 'http://example.com/1']"
95,9,user_9,,,pineapple,1606451170.520627,"['http://example.com/8', 'http://example.com/7']"
96,7,user_7,,52,pen dog pencil,1606451170.520657,[]
97,6,user_6,,,squirrel,1606451170.520676,"['http://example.com/3', 'http://example.com/8']"
98,8,user_8,,,cat dog,1606451170.5207,"['http://example.com/7', 'http://example.com/8']"
99,3,user_3,,,apple reindeer squirrel,1606451170.520725,"['http://example.com/1', 'http://example.com/5']"
100,6,user_6,52,,pencil wombat cat,1606451170.52075,"['http://example.com/3', 'http://example.com/8']"
